{
  "accuracy": 0.9707112970711297,
  "precision": 0.9714285714285714,
  "recall": 0.85,
  "f1": 0.9066666666666666
}